,id
0,441056973549163467
1,441056973549163484
2,441056973549163501
3,441056973549163518
4,441056973549163535
5,441056973549163552
6,441056973549163569
7,441056973549163586
8,441056973549163603
9,441056973549163620
10,441056973549163637
11,441056973549163654
12,441056973549163671
13,441056973549163688
14,441056973549163705
15,441056973549163722
16,441056973549163739
17,441056973549163756
18,441056973549163773
19,441056973549163790
20,441056973549163807
21,441056973549163824
22,441056973549163841
23,441056973549163858
24,441056973549163875
25,441056973549163892
26,441056973549163909
27,441056973549163926
28,441056973549163943
29,441056973549163960
30,441056973549163977
31,441056973549163994
32,441056973549164011
33,441056973549164028
34,441056973549164045
35,441056973549164062
36,441056973549164079
37,441056973549164096
38,441056973549164113
39,441056973549164130
40,441056973549164147
41,441056973549164164
42,441056973549164181
43,441056973549164198
44,441056973549164215
45,441056973549164232
46,441056973549164249
47,441056973549164266
48,441056973549164283
49,441056973549164300
50,441056973549164317
51,441056973549164334
52,441056973549164351
53,441056973549164368
54,441056973549164385
55,441056973549164402
56,441056973549164419
57,441056973549164436
58,441056973549164453
59,441056973549164470
60,441056973549164487
61,441056973549164504
62,441056973549164521
63,441056973549164538
64,441056973549164555
65,441056973549164572
66,441056973549164589
67,441056973549164606
68,441056973549164623
69,441056973549164640
70,441056973549164657
71,441056973549164674
72,441056973549164691
73,441056973549164708
74,441056973549164725
75,441056973549164742
76,441056973549164759
77,441056973549164776
78,441056973549164793
79,441056973549164810
80,441056973549164827
81,441056973549164844
82,441056973549164861
83,441056973549164878
84,441056973549164895
85,441056973549164912
86,441056973549164929
87,441056973549164946
88,441056973549164963
89,441056973549164980
90,441056973549164997
91,441056973549165014
92,441056973549165031
93,441056973549165048
94,441056973549165065
95,441056973549165082
96,441056973549165099
97,441056973549165116
98,441056973549165133
99,441056973549165150
100,441056973549165167
101,441056973549165184
102,441056973549165201
103,441056973549165218
104,441056973549165235
105,441056973549165252
106,441056973549165269
107,441056973549165286
108,441056973549165303
109,441056973549165320
110,441056973549165337
111,441056973549165354
112,441056973549165371
113,441056973549165388
114,441056973549165405
115,441056973549165422
116,441056973549165439
117,441056973549165456
118,441056973549165473
119,441056973549165490
120,441056973549165507
121,441056973549165524
122,441056973549165541
123,441056973549165558
124,441056973549165575
125,441056973549165592
126,441056973549165609
127,441056973549165626
128,441056973549165643
129,441056973549165660
130,441056973549165677
131,441056973549165694
132,441056973549165711
133,441056973549165728
134,441056973549165745
135,441056973549165762
136,441056973549165779
137,441056973549165796
138,441056973549165813
139,441056973549165830
140,441056973549165847
141,441056973549165864
142,441056973549165881
143,441056973549165898
144,441056973549165915
145,441056973549165932
146,441056973549165949
147,441056973549165966
148,441056973549165983
149,441056973549166000
150,441056973549166017
151,441056973549166034
152,441056973549166051
153,441056973549166068
154,441056973549166085
155,441056973549166102
156,441056973549166119
157,441056973549166136
158,441056973549166153
159,441056973549166170
160,441056973549166187
161,441056973549166204
162,441056973549166221
163,441056973549166238
164,441056973549166255
165,441056973549166272
166,441056973549166289
167,441056973549166306
168,441056973549166323
169,441056973549166340
170,441056973549166357
171,441056973549166374
172,441056973549166391
173,441056973549166408
174,441056973549166425
175,441056973549166442
176,441056973549166459
177,441056973549166476
178,441056973549166493
179,441056973549166510
180,441056973549166527
181,441056973549166544
182,441056973549166561
183,441056973549166578
184,441056973549166595
185,441056973549166612
186,441056973549166629
187,441056973549166646
188,441056973549166663
189,441056973549166680
190,441056973549166697
191,441056973549166714
192,441056973549166731
193,441056973549166748
194,441056973549166765
195,441056973549166782
196,441056973549166799
197,441056973549166816
198,441056973549166833
199,441056973549166850
200,441056973549166867
201,441056973549166884
202,441056973549166901
203,441056973549166918
204,441056973549166935
205,441056973549166952
206,441056973549166969
207,441056973549166986
208,441056973549167003
209,441056973549167020
210,441056973549167037
211,441056973549167054
212,441056973549167071
213,441056973549167088
214,441056973549167105
215,441056973549167122
216,441056973549167139
217,441056973549167156
218,441056973549167173
219,441056973549167190
220,441056973549167207
221,441056973549167224
222,441056973549167241
223,441056973549167258
224,441056973549167275
225,441056973549167292
226,441056973549167309
227,441056973549167326
228,441056973549167343
229,441056973549167360
230,441056973549167377
231,441056973549167394
232,441056973549167411
233,441056973549167428
234,441056973549167445
235,441056973549167462
236,441056973549167479
237,441056973549167496
238,441056973549167513
239,441056973549167530
240,441056973549167547
241,441056973549167564
242,441056973549167581
243,441056973549167598
244,441056973549167615
245,441056973549167632
246,441056973549167649
247,441056973549167666
248,441056973549167683
249,441056973549167700
250,441056973549167717
251,441056973549167734
252,441056973549167751
253,441056973549167768
254,441056973549167785
255,441056973549167802
256,441056973549167819
257,441056973549167836
258,441056973549167853
259,441056973549167870
260,441056973549167887
261,441056973549167904
262,441056973549167921
263,441056973549167938
264,441056973549167955
265,441056973549167972
266,441056973549167989
267,441056973549168006
268,441056973549168023
269,441056973549168040
270,441056973549168057
271,441056973549168074
272,441056973549168091
273,441056973549168108
274,441056973549168125
275,441056973549168142
276,441056973549168159
277,441056973549168176
278,441056973549168193
279,441056973549168210
280,441056973549168227
281,441056973549168244
282,441056973549168261
283,441056973549168278
284,441056973549168295
285,441056973549168312
286,441056973549168329
287,441056973549168346
288,441056973549168363
289,441056973549168380
290,441056973549168397
291,441056973549168414
292,441056973549168431
293,441056973549168448
294,441056973549168465
295,441056973549168482
296,441056973549168499
297,441056973549168516
298,441056973549168533
299,441056973549168550
300,441056973549168567
301,441056973549168584
302,441056973549168601
303,441056973549168618
304,441056973549168635
305,441056973549168652
306,441056973549168669
307,441056973549168686
308,441056973549168703
309,441056973549168720
310,441056973549168737
311,441056973549168754
312,441056973549168771
313,441056973549168788
314,441056973549168805
315,441056973549168822
316,441056973549168839
317,441056973549168856
318,441056973549168873
319,441056973549168890
320,441056973549168907
321,441056973549168924
322,441056973549168941
323,441056973549168958
324,441056973549168975
325,441056973549168992
326,441056973549169009
327,441056973549169026
328,441056973549169043
329,441056973549169060
330,441056973549169077
331,441056973549169094
332,441056973549169111
333,441056973549169128
334,441056973549169145
335,441056973549169162
336,441056973549169179
337,441056973549169196
338,441056973549169213
339,441056973549169230
340,441056973549169247
341,441056973549169264
342,441056973549169281
343,441056973549169298
344,441056973549169315
345,441056973549169332
346,441056973549169349
347,441056973549169366
348,441056973549169383
349,441056973549169400
350,441056973549169417
351,441056973549169434
352,441056973549169451
353,441056973549169468
354,441056973549169485
355,441056973549169502
356,441056973549169519
357,441056973549169536
358,441056973549169553
359,441056973549169570
360,441056973549169587
361,441056973549169604
362,441056973549169621
363,441056973549169638
364,441056973549169655
365,441056973549169672
366,441056973549169689
367,441056973549169706
368,441056973549169723
369,441056973549169740
370,441056973549169757
371,441056973549169774
372,441056973549169791
373,441056973549169808
374,441056973549169825
375,441056973549169842
376,441056973549169859
377,441056973549169876
378,441056973549169893
379,441056973549169910
380,441056973549169927
381,441056973549169944
382,441056973549169961
383,441056973549169978
384,441056973549169995
385,441056973549170012
386,441056973549170029
387,441056973549170046
388,441056973549170063
389,441056973549170080
390,441056973549170097
391,441056973549170114
392,441056973549170131
393,441056973549170148
394,441056973549170165
395,441056973549170182
396,441056973549170199
397,441056973549170216
398,441056973549170233
399,441056973549170250
400,441056973549170267
401,441056973549170284
402,441056973549170301
403,441056973549170318
404,441056973549170335
405,441056973549170352
406,441056973549170369
407,441056973549170386
408,441056973549170403
409,441056973549170420
410,441056973549170437
411,441056973549170454
412,441056973549170471
413,441056973549170488
414,441056973549170505
415,441056973549170522
416,441056973549170539
417,441056973549170556
418,441056973549170573
419,441056973549170590
420,441056973549170607
421,441056973549170624
422,441056973549170641
423,441056973549170658
424,441056973549170675
425,441056973549170692
426,441056973549170709
427,441056973549170726
428,441056973549170743
429,441056973549170760
430,441056973549170777
431,441056973549170794
432,441056973549170811
433,441056973549170828
434,441056973549170845
435,441056973549170862
436,441056973549170879
437,441056973549170896
438,441056973549170913
439,441056973549170930
440,441056973549170947
441,441056973549170964
442,441056973549170981
443,441056973549170998
444,441056973549171015
445,441056973549171032
446,441056973549171049
447,441056973549171066
448,441056973549171083
449,441056973549171100
450,441056973549171117
451,441056973549171134
452,441056973549171151
453,441056973549171168
454,441056973549171185
455,441056973549171202
456,441056973549171219
457,441056973549171236
458,441056973549171253
459,441056973549171270
460,441056973549171287
461,441056973549171304
462,441056973549171321
463,441056973549171338
464,441056973549171355
465,441056973549171372
466,441056973549171389
467,441056973549171406
468,441056973549171423
469,441056973549171440
470,441056973549171457
471,441056973549171474
472,441056973549171491
473,441056973549171508
474,441056973549171525
475,441056973549171542
476,441056973549171559
477,441056973549171576
478,441056973549171593
479,441056973549171610
